[
  {
    "value": "main_gate",
    "synonyms": [
      "main gate",
      "entrance",
      "main entrance",
      "security gate"
    ]
  },
  {
    "value": "admin_block",
    "synonyms": [
      "admin block",
      "admin office",
      "administration",
      "admin"
    ]
  },
  {
    "value": "library",
    "synonyms": [
      "library",
      "main library",
      "book checkout"
    ]
  },
  {
    "value": "auditorium",
    "synonyms": [
      "auditorium",
      "assembly hall",
      "main hall",
      "seminar hall"
    ]
  },
  {
    "value": "cafeteria",
    "synonyms": [
      "cafeteria",
      "canteen",
      "food court",
      "cafe",
      "mess"
    ]
  },
  {
    "value": "hostel_a",
    "synonyms": [
      "hostel A",
      "A block hostel",
      "boys hostel",
      "girls hostel"
    ]
  },
  {
    "value": "hostel_b",
    "synonyms": [
      "hostel B",
      "B block hostel",
      "girls hostel",
      "boys hostel"
    ]
  },
  {
    "value": "ground",
    "synonyms": [
      "ground",
      "football ground",
      "sports ground",
      "field",
      "cricket ground"
    ]
  },
  {
    "value": "lab_complex",
    "synonyms": [
      "lab complex",
      "labs",
      "science labs",
      "computer labs"
    ]
  }
]