[
  {
    "value": "B.Tech",
    "synonyms": [
      "B.Tech",
      "Bachelor of Technology",
      "BTech"
    ]
  },
  {
    "value": "BBA",
    "synonyms": [
      "BBA",
      "Bachelor of Business Administration"
    ]
  },
  {
    "value": "BCA",
    "synonyms": [
      "BCA",
      "Bachelor of Computer Applications"
    ]
  },
  {
    "value": "B.Com",
    "synonyms": [
      "B.Com",
      "Bachelor of Commerce",
      "BCom"
    ]
  },
  {
    "value": "MBA",
    "synonyms": [
      "MBA",
      "Master of Business Administration"
    ]
  },
  {
    "value": "M.Tech",
    "synonyms": [
      "M.Tech",
      "Master of Technology",
      "MTech"
    ]
  },
  {
    "value": "BA",
    "synonyms": [
      "BA",
      "Bachelor of Arts"
    ]
  },
  {
    "value": "BSc",
    "synonyms": [
      "BSc",
      "Bachelor of Science"
    ]
  },
  {
    "value": "CSE",
    "synonyms": [
      "CSE",
      "Computer Science Engineering"
    ]
  },
  {
    "value": "CS",
    "synonyms": [
      "CS",
      "Computer Science"
    ]
  }
]