[
  {
    "value": "computer_science",
    "synonyms": [
      "Computer Science",
      "CSE",
      "CS",
      "Computer Science Department"
    ]
  },
  {
    "value": "electronics",
    "synonyms": [
      "Electronics",
      "ECE",
      "EEE",
      "Electronics and Communication",
      "Electrical"
    ]
  },
  {
    "value": "mechanical",
    "synonyms": [
      "Mechanical",
      "Mech",
      "Mechanical Engineering"
    ]
  },
  {
    "value": "civil",
    "synonyms": [
      "Civil",
      "CE",
      "Civil Engineering"
    ]
  },
  {
    "value": "it",
    "synonyms": [
      "IT",
      "IT dept",
      "Information Technology",
      "IT department",
      "Tech Support"
    ]
  },
  {
    "value": "mba",
    "synonyms": [
      "MBA",
      "Business Department",
      "Business School"
    ]
  },
  {
    "value": "humanities",
    "synonyms": [
      "Humanities",
      "Arts Department",
      "Arts"
    ]
  },
  {
    "value": "admissions",
    "synonyms": [
      "Admissions",
      "Admissions Office",
      "Registrar",
      "How to apply"
    ]
  },
  {
    "value": "accounts",
    "synonyms": [
      "Accounts",
      "Accounts Office",
      "finance office",
      "Finance Department",
      "Pay fees"
    ]
  },
  {
    "value": "library",
    "synonyms": [
      "Library",
      "Main Library",
      "Book checkout"
    ]
  },
  {
    "value": "sports",
    "synonyms": [
      "Sports",
      "Sports Department",
      "Athletics",
      "Gym",
      "Sports Center"
    ]
  }
]