[
  {
    "value": "id_card",
    "synonyms": [
      "ID card",
      "i-card",
      "student ID",
      "identity card",
      "college ID"
    ]
  },
  {
    "value": "bonafide",
    "synonyms": [
      "bonafide",
      "bonafide certificate",
      "proof of study",
      "enrollment letter"
    ]
  },
  {
    "value": "transcripts",
    "synonyms": [
      "transcripts",
      "mark sheet",
      "grade card",
      "marks card",
      "academic record"
    ]
  },
  {
    "value": "fee_receipt",
    "synonyms": [
      "fee receipt",
      "payment receipt",
      "proof of payment",
      "fee challan"
    ]
  },
  {
    "value": "admit_card",
    "synonyms": [
      "admit card",
      "hall ticket",
      "exam ticket",
      "exam entry pass"
    ]
  }
]