[
  {
    "value": "workshop",
    "synonyms": [
      "workshop",
      "training",
      "training session",
      "class"
    ]
  },
  {
    "value": "seminar",
    "synonyms": [
      "seminar",
      "lecture",
      "talk",
      "guest lecture",
      "keynote"
    ]
  },
  {
    "value": "fest",
    "synonyms": [
      "fest",
      "festival",
      "techfest",
      "cultural fest",
      "college fest"
    ]
  },
  {
    "value": "orientation",
    "synonyms": [
      "orientation",
      "induction",
      "induction program",
      "welcome programs"
    ]
  },
  {
    "value": "sports_meet",
    "synonyms": [
      "sports meet",
      "tournament",
      "sports day",
      "athletics meet",
      "competition"
    ]
  },
  {
    "value": "hackathon",
    "synonyms": [
      "hackathon",
      "codefest",
      "coding competition",
      "hack day"
    ]
  }
]