[
  {
    "value": "room_allocation",
    "synonyms": [
      "room allocation",
      "room assignment",
      "how to get a room",
      "change my room",
      "my room"
    ]
  },
  {
    "value": "mess_timing",
    "synonyms": [
      "mess timing",
      "mess timings",
      "food timings",
      "dining hall hours",
      "when is lunch",
      "when is dinner"
    ]
  },
  {
    "value": "visitor_pass",
    "synonyms": [
      "visitor pass",
      "guest pass",
      "can I have visitors",
      "can my parents visit",
      "guest entry"
    ]
  },
  {
    "value": "curfew_time",
    "synonyms": [
      "curfew time",
      "curfew",
      "in-time",
      "hostel in-time",
      "gate closing time",
      "when do I have to be back"
    ]
  }
]