[
  {
    "value": "membership",
    "synonyms": [
      "membership",
      "library card",
      "how to join",
      "get a library card",
      "sign up",
      "register"
    ]
  },
  {
    "value": "due_date",
    "synonyms": [
      "due date",
      "when is my book due",
      "return date",
      "check due date"
    ]
  },
  {
    "value": "fine",
    "synonyms": [
      "fine",
      "late fee",
      "overdue charges",
      "how much is the fine",
      "pay a fine"
    ]
  },
  {
    "value": "renewal",
    "synonyms": [
      "renewal",
      "renew my book",
      "extend my book",
      "how to renew",
      "extend due date"
    ]
  },
  {
    "value": "book_availability",
    "synonyms": [
      "book availability",
      "find a book",
      "search for a book",
      "check for a book",
      "is a book available"
    ]
  }
]