[
  {
    "value": "upi",
    "synonyms": [
      "UPI",
      "Google Pay",
      "PhonePe",
      "GPay",
      "Paytm",
      "BHIM",
      "QR code"
    ]
  },
  {
    "value": "card",
    "synonyms": [
      "card",
      "debit card",
      "credit card",
      "Visa",
      "Mastercard"
    ]
  },
  {
    "value": "net_banking",
    "synonyms": [
      "net banking",
      "online banking",
      "bank transfer",
      "internet banking"
    ]
  },
  {
    "value": "cash_at_accounts",
    "synonyms": [
      "cash at accounts",
      "cash",
      "pay in person",
      "pay at the finance office",
      "pay at office"
    ]
  }
]