[
  {
    "value": "morning",
    "synonyms": [
      "morning",
      "in the morning",
      "AM",
      "early",
      "before noon"
    ]
  },
  {
    "value": "afternoon",
    "synonyms": [
      "afternoon",
      "in the afternoon",
      "PM",
      "post-lunch"
    ]
  },
  {
    "value": "evening",
    "synonyms": [
      "evening",
      "in the evening",
      "night",
      "late",
      "after 5 PM"
    ]
  },
  {
    "value": "first_half",
    "synonyms": [
      "first half",
      "before lunch",
      "pre-lunch"
    ]
  },
  {
    "value": "second_half",
    "synonyms": [
      "second half",
      "after lunch",
      "post-lunch"
    ]
  }
]