[
  {
    "id": "c1c2c3c4-0001-4c11-8000-000000000001",
    "data": [
      {
        "text": "How to apply?",
        "userDefined": false
      }
    ],
    "isTemplate": false,
    "count": 0,
    "lang": "en",
    "updated": 0
  },
  {
    "id": "c1c2c3c4-0002-4c11-8000-000000000002",
    "data": [
      {
        "text": "Admission requirements for B.Tech",
        "userDefined": false
      }
    ],
    "isTemplate": false,
    "count": 0,
    "lang": "en",
    "updated": 0
  },
  {
    "id": "c1c2c3c4-0003-4c11-8000-000000000003",
    "data": [
      {
        "text": "Application deadlines",
        "userDefined": false
      }
    ],
    "isTemplate": false,
    "count": 0,
    "lang": "en",
    "updated": 0
  },
  {
    "id": "c1c2c3c4-0004-4c11-8000-000000000004",
    "data": [
      {
        "text": "What documents are needed for admission?",
        "userDefined": false
      }
    ],
    "isTemplate": false,
    "count": 0,
    "lang": "en",
    "updated": 0
  },
  {
    "id": "c1c2c3c4-0005-4c11-8000-000000000005",
    "data": [
      {
        "text": "How do I submit an application?",
        "userDefined": false
      }
    ],
    "isTemplate": false,
    "count": 0,
    "lang": "en",
    "updated": 0
  },
  {
    "id": "c1c2c3c4-0006-4c11-8000-000000000006",
    "data": [
      {
        "text": "Entrance exam details",
        "userDefined": false
      }
    ],
    "isTemplate": false,
    "count": 0,
    "lang": "en",
    "updated": 0
  },
  {
    "id": "c1c2c3c4-0007-4c11-8000-000000000007",
    "data": [
      {
        "text": "Eligibility criteria for MBA",
        "userDefined": false
      }
    ],
    "isTemplate": false,
    "count": 0,
    "lang": "en",
    "updated": 0
  },
  {
    "id": "c1c2c3c4-0008-4c11-8000-000000000008",
    "data": [
      {
        "text": "Admission portal link",
        "userDefined": false
      }
    ],
    "isTemplate": false,
    "count": 0,
    "lang": "en",
    "updated": 0
  },
  {
    "id": "c1c2c3c4-0009-4c11-8000-000000000009",
    "data": [
      {
        "text": "How to check application status?",
        "userDefined": false
      }
    ],
    "isTemplate": false,
    "count": 0,
    "lang": "en",
    "updated": 0
  },
  {
    "id": "c1c2c3c4-0010-4c11-8000-00000000000a",
    "data": [
      {
        "text": "When do admissions open?",
        "userDefined": false
      }
    ],
    "isTemplate": false,
    "count": 0,
    "lang": "en",
    "updated": 0
  }
]