[
  {
    "id": "44444444-0001-4c11-8000-000000000001",
    "data": [
      {
        "text": "Cafeteria timing",
        "userDefined": false
      }
    ],
    "isTemplate": false,
    "count": 0,
    "lang": "en",
    "updated": 0
  },
  {
    "id": "44444444-0002-4c11-8000-000000000002",
    "data": [
      {
        "text": "Menu today",
        "userDefined": false
      }
    ],
    "isTemplate": false,
    "count": 0,
    "lang": "en",
    "updated": 0
  },
  {
    "id": "44444444-0003-4c11-8000-000000000003",
    "data": [
      {
        "text": "Veg options price",
        "userDefined": false
      }
    ],
    "isTemplate": false,
    "count": 0,
    "lang": "en",
    "updated": 0
  },
  {
    "id": "44444444-0004-4c11-8000-000000000004",
    "data": [
      {
        "text": "What\u0027s on the menu in the canteen?",
        "userDefined": false
      }
    ],
    "isTemplate": false,
    "count": 0,
    "lang": "en",
    "updated": 0
  },
  {
    "id": "44444444-0005-4c11-8000-000000000005",
    "data": [
      {
        "text": "When does the cafeteria open?",
        "userDefined": false
      }
    ],
    "isTemplate": false,
    "count": 0,
    "lang": "en",
    "updated": 0
  },
  {
    "id": "44444444-0006-4c11-8000-000000000006",
    "data": [
      {
        "text": "Canteen timings",
        "userDefined": false
      }
    ],
    "isTemplate": false,
    "count": 0,
    "lang": "en",
    "updated": 0
  },
  {
    "id": "44444444-0007-4c11-8000-000000000007",
    "data": [
      {
        "text": "Is the food court open?",
        "userDefined": false
      }
    ],
    "isTemplate": false,
    "count": 0,
    "lang": "en",
    "updated": 0
  },
  {
    "id": "44444444-0008-4c11-8000-000000000008",
    "data": [
      {
        "text": "What\u0027s for lunch today?",
        "userDefined": false
      }
    ],
    "isTemplate": false,
    "count": 0,
    "lang": "en",
    "updated": 0
  },
  {
    "id": "44444444-0009-4c11-8000-000000000009",
    "data": [
      {
        "text": "Price of veg thali",
        "userDefined": false
      }
    ],
    "isTemplate": false,
    "count": 0,
    "lang": "en",
    "updated": 0
  },
  {
    "id": "44444444-0010-4c11-8000-00000000000a",
    "data": [
      {
        "text": "Are there veg options?",
        "userDefined": false
      }
    ],
    "isTemplate": false,
    "count": 0,
    "lang": "en",
    "updated": 0
  },
  {
    "id": "44444444-0011-4c11-8000-00000000000b",
    "data": [
      {
        "text": "Food",
        "userDefined": false
      }
    ],
    "isTemplate": false,
    "count": 0,
    "lang": "en",
    "updated": 0
  },
  {
    "id": "44444444-0012-4c11-8000-00000000000c",
    "data": [
      {
        "text": "I\u0027m hungry",
        "userDefined": false
      }
    ],
    "isTemplate": false,
    "count": 0,
    "lang": "en",
    "updated": 0
  },
  {
    "id": "44444444-0013-4c11-8000-00000000000d",
    "data": [
      {
        "text": "What are the cafe hours?",
        "userDefined": false
      }
    ],
    "isTemplate": false,
    "count": 0,
    "lang": "en",
    "updated": 0
  }
]