[
  {
    "id": "11111111-0001-4c11-8000-000000000001",
    "data": [
      {
        "text": "Route to auditorium",
        "userDefined": false
      }
    ],
    "isTemplate": false,
    "count": 0,
    "lang": "en",
    "updated": 0
  },
  {
    "id": "11111111-0002-4c11-8000-000000000002",
    "data": [
      {
        "text": "Where is Hostel B?",
        "userDefined": false
      }
    ],
    "isTemplate": false,
    "count": 0,
    "lang": "en",
    "updated": 0
  },
  {
    "id": "11111111-0003-4c11-8000-000000000003",
    "data": [
      {
        "text": "Cafeteria location",
        "userDefined": false
      }
    ],
    "isTemplate": false,
    "count": 0,
    "lang": "en",
    "updated": 0
  },
  {
    "id": "11111111-0004-4c11-8000-000000000004",
    "data": [
      {
        "text": "How do I get to the admin block?",
        "userDefined": false
      }
    ],
    "isTemplate": false,
    "count": 0,
    "lang": "en",
    "updated": 0
  },
  {
    "id": "11111111-0005-4c11-8000-000000000005",
    "data": [
      {
        "text": "Where is the main library?",
        "userDefined": false
      }
    ],
    "isTemplate": false,
    "count": 0,
    "lang": "en",
    "updated": 0
  },
  {
    "id": "11111111-0006-4c11-8000-000000000006",
    "data": [
      {
        "text": "Directions to the main gate",
        "userDefined": false
      }
    ],
    "isTemplate": false,
    "count": 0,
    "lang": "en",
    "updated": 0
  },
  {
    "id": "11111111-0007-4c11-8000-000000000007",
    "data": [
      {
        "text": "Show me a map of the campus",
        "userDefined": false
      }
    ],
    "isTemplate": false,
    "count": 0,
    "lang": "en",
    "updated": 0
  },
  {
    "id": "11111111-0008-4c11-8000-000000000008",
    "data": [
      {
        "text": "Where is the football ground?",
        "userDefined": false
      }
    ],
    "isTemplate": false,
    "count": 0,
    "lang": "en",
    "updated": 0
  },
  {
    "id": "11111111-0009-4c11-8000-000000000009",
    "data": [
      {
        "text": "How to reach the lab complex?",
        "userDefined": false
      }
    ],
    "isTemplate": false,
    "count": 0,
    "lang": "en",
    "updated": 0
  },
  {
    "id": "11111111-0010-4c11-8000-00000000000a",
    "data": [
      {
        "text": "I\u0027m lost, where is the admin block?",
        "userDefined": false
      }
    ],
    "isTemplate": false,
    "count": 0,
    "lang": "en",
    "updated": 0
  },
  {
    "id": "11111111-0011-4c11-8000-00000000000b",
    "data": [
      {
        "text": "Map to the canteen",
        "userDefined": false
      }
    ],
    "isTemplate": false,
    "count": 0,
    "lang": "en",
    "updated": 0
  },
  {
    "id": "11111111-0012-4c11-8000-00000000000c",
    "data": [
      {
        "text": "Location of the sports ground",
        "userDefined": false
      }
    ],
    "isTemplate": false,
    "count": 0,
    "lang": "en",
    "updated": 0
  }
]