[
  {
    "id": "55555555-0001-4c11-8000-000000000001",
    "data": [
      {
        "text": "Join coding club",
        "userDefined": false
      }
    ],
    "isTemplate": false,
    "count": 0,
    "lang": "en",
    "updated": 0
  },
  {
    "id": "55555555-0002-4c11-8000-000000000002",
    "data": [
      {
        "text": "Sports registration",
        "userDefined": false
      }
    ],
    "isTemplate": false,
    "count": 0,
    "lang": "en",
    "updated": 0
  },
  {
    "id": "55555555-0003-4c11-8000-000000000003",
    "data": [
      {
        "text": "Cultural club contact",
        "userDefined": false
      }
    ],
    "isTemplate": false,
    "count": 0,
    "lang": "en",
    "updated": 0
  },
  {
    "id": "55555555-0004-4c11-8000-000000000004",
    "data": [
      {
        "text": "How can I join a student club?",
        "userDefined": false
      }
    ],
    "isTemplate": false,
    "count": 0,
    "lang": "en",
    "updated": 0
  },
  {
    "id": "55555555-0005-4c11-8000-000000000005",
    "data": [
      {
        "text": "What clubs are on campus?",
        "userDefined": false
      }
    ],
    "isTemplate": false,
    "count": 0,
    "lang": "en",
    "updated": 0
  },
  {
    "id": "55555555-0006-4c11-8000-000000000006",
    "data": [
      {
        "text": "I want to join the tech club",
        "userDefined": false
      }
    ],
    "isTemplate": false,
    "count": 0,
    "lang": "en",
    "updated": 0
  },
  {
    "id": "55555555-0007-4c11-8000-000000000007",
    "data": [
      {
        "text": "Contact for the cultural club",
        "userDefined": false
      }
    ],
    "isTemplate": false,
    "count": 0,
    "lang": "en",
    "updated": 0
  },
  {
    "id": "55555555-0008-4c11-8000-000000000008",
    "data": [
      {
        "text": "How to register for the sports team?",
        "userDefined": false
      }
    ],
    "isTemplate": false,
    "count": 0,
    "lang": "en",
    "updated": 0
  },
  {
    "id": "55555555-0009-4c11-8000-000000000009",
    "data": [
      {
        "text": "List of student bodies",
        "userDefined": false
      }
    ],
    "isTemplate": false,
    "count": 0,
    "lang": "en",
    "updated": 0
  },
  {
    "id": "55555555-0010-4c11-8000-00000000000a",
    "data": [
      {
        "text": "When is the club registration?",
        "userDefined": false
      }
    ],
    "isTemplate": false,
    "count": 0,
    "lang": "en",
    "updated": 0
  },
  {
    "id": "55555555-0011-4c11-8000-00000000000b",
    "data": [
      {
        "text": "Tell me about clubs",
        "userDefined": false
      }
    ],
    "isTemplate": false,
    "count": 0,
    "lang": "en",
    "updated": 0
  },
  {
    "id": "55555555-0012-4c11-8000-00000000000c",
    "data": [
      {
        "text": "Student activities",
        "userDefined": false
      }
    ],
    "isTemplate": false,
    "count": 0,
    "lang": "en",
    "updated": 0
  }
]