[
  {
    "id": "e1e2e3e4-0001-4e11-8000-000000000001",
    "data": [
      {
        "text": "Subjects in BCA",
        "userDefined": false
      }
    ],
    "isTemplate": false,
    "count": 0,
    "lang": "en",
    "updated": 0
  },
  {
    "id": "e1e2e3e4-0002-4e11-8000-000000000002",
    "data": [
      {
        "text": "B.Tech CSE syllabus",
        "userDefined": false
      }
    ],
    "isTemplate": false,
    "count": 0,
    "lang": "en",
    "updated": 0
  },
  {
    "id": "e1e2e3e4-0003-4e11-8000-000000000003",
    "data": [
      {
        "text": "BBA electives",
        "userDefined": false
      }
    ],
    "isTemplate": false,
    "count": 0,
    "lang": "en",
    "updated": 0
  },
  {
    "id": "e1e2e3e4-0004-4e11-8000-000000000004",
    "data": [
      {
        "text": "Course structure for MBA",
        "userDefined": false
      }
    ],
    "isTemplate": false,
    "count": 0,
    "lang": "en",
    "updated": 0
  },
  {
    "id": "e1e2e3e4-0005-4e11-8000-000000000005",
    "data": [
      {
        "text": "Syllabus PDF for B.Tech",
        "userDefined": false
      }
    ],
    "isTemplate": false,
    "count": 0,
    "lang": "en",
    "updated": 0
  },
  {
    "id": "e1e2e3e4-0006-4e11-8000-000000000006",
    "data": [
      {
        "text": "How many credits for CSE core?",
        "userDefined": false
      }
    ],
    "isTemplate": false,
    "count": 0,
    "lang": "en",
    "updated": 0
  },
  {
    "id": "e1e2e3e4-0007-4e11-8000-000000000007",
    "data": [
      {
        "text": "Course outline for BCA",
        "userDefined": false
      }
    ],
    "isTemplate": false,
    "count": 0,
    "lang": "en",
    "updated": 0
  },
  {
    "id": "e1e2e3e4-0008-4e11-8000-000000000008",
    "data": [
      {
        "text": "What are the electives for 3rd year B.Tech?",
        "userDefined": false
      }
    ],
    "isTemplate": false,
    "count": 0,
    "lang": "en",
    "updated": 0
  },
  {
    "id": "e1e2e3e4-0009-4e11-8000-000000000009",
    "data": [
      {
        "text": "Where can I download the syllabus?",
        "userDefined": false
      }
    ],
    "isTemplate": false,
    "count": 0,
    "lang": "en",
    "updated": 0
  },
  {
    "id": "e1e2e3e4-0010-4e11-8000-00000000000a",
    "data": [
      {
        "text": "Is there a lab course in 2nd year?",
        "userDefined": false
      }
    ],
    "isTemplate": false,
    "count": 0,
    "lang": "en",
    "updated": 0
  }
]