[
  {
    "id": "d1d2d3d4-0001-4d11-8000-000000000001",
    "data": [
      {
        "text": "CSE office contact",
        "userDefined": false
      }
    ],
    "isTemplate": false,
    "count": 0,
    "lang": "en",
    "updated": 0
  },
  {
    "id": "d1d2d3d4-0002-4d11-8000-000000000002",
    "data": [
      {
        "text": "Accounts phone number",
        "userDefined": false
      }
    ],
    "isTemplate": false,
    "count": 0,
    "lang": "en",
    "updated": 0
  },
  {
    "id": "d1d2d3d4-0003-4d11-8000-000000000003",
    "data": [
      {
        "text": "Library email",
        "userDefined": false
      }
    ],
    "isTemplate": false,
    "count": 0,
    "lang": "en",
    "updated": 0
  },
  {
    "id": "d1d2d3d4-0004-4d11-8000-000000000004",
    "data": [
      {
        "text": "Mechanical department contact",
        "userDefined": false
      }
    ],
    "isTemplate": false,
    "count": 0,
    "lang": "en",
    "updated": 0
  },
  {
    "id": "d1d2d3d4-0005-4d11-8000-000000000005",
    "data": [
      {
        "text": "Admissions office phone",
        "userDefined": false
      }
    ],
    "isTemplate": false,
    "count": 0,
    "lang": "en",
    "updated": 0
  },
  {
    "id": "d1d2d3d4-0006-4d11-8000-000000000006",
    "data": [
      {
        "text": "Contact details for sports department",
        "userDefined": false
      }
    ],
    "isTemplate": false,
    "count": 0,
    "lang": "en",
    "updated": 0
  },
  {
    "id": "d1d2d3d4-0007-4d11-8000-000000000007",
    "data": [
      {
        "text": "Who is the HOD of CSE?",
        "userDefined": false
      }
    ],
    "isTemplate": false,
    "count": 0,
    "lang": "en",
    "updated": 0
  },
  {
    "id": "d1d2d3d4-0008-4d11-8000-000000000008",
    "data": [
      {
        "text": "Email for accounts department",
        "userDefined": false
      }
    ],
    "isTemplate": false,
    "count": 0,
    "lang": "en",
    "updated": 0
  },
  {
    "id": "d1d2d3d4-0009-4d11-8000-000000000009",
    "data": [
      {
        "text": "Contact number for library helpdesk",
        "userDefined": false
      }
    ],
    "isTemplate": false,
    "count": 0,
    "lang": "en",
    "updated": 0
  },
  {
    "id": "d1d2d3d4-0010-4d11-8000-00000000000a",
    "data": [
      {
        "text": "Office hours for admissions",
        "userDefined": false
      }
    ],
    "isTemplate": false,
    "count": 0,
    "lang": "en",
    "updated": 0
  }
]