[
  {
    "id": "b2a1c3d4-5e6f-472a-8b9c-0123456789a1",
    "data": [
      {
        "text": "How to get bonafide",
        "userDefined": false
      }
    ],
    "isTemplate": false,
    "count": 0,
    "lang": "en",
    "updated": 0
  },
  {
    "id": "b2a1c3d4-5e6f-472a-8b9c-0123456789a2",
    "data": [
      {
        "text": "Print fee receipt",
        "userDefined": false
      }
    ],
    "isTemplate": false,
    "count": 0,
    "lang": "en",
    "updated": 0
  },
  {
    "id": "b2a1c3d4-5e6f-472a-8b9c-0123456789a3",
    "data": [
      {
        "text": "Lost ID card process",
        "userDefined": false
      }
    ],
    "isTemplate": false,
    "count": 0,
    "lang": "en",
    "updated": 0
  },
  {
    "id": "b2a1c3d4-5e6f-472a-8b9c-0123456789a4",
    "data": [
      {
        "text": "Apply for transcripts",
        "userDefined": false
      }
    ],
    "isTemplate": false,
    "count": 0,
    "lang": "en",
    "updated": 0
  },
  {
    "id": "b2a1c3d4-5e6f-472a-8b9c-0123456789a5",
    "data": [
      {
        "text": "Where to collect documents",
        "userDefined": false
      }
    ],
    "isTemplate": false,
    "count": 0,
    "lang": "en",
    "updated": 0
  },
  {
    "id": "b2a1c3d4-5e6f-472a-8b9c-0123456789a6",
    "data": [
      {
        "text": "Fee receipt download",
        "userDefined": false
      }
    ],
    "isTemplate": false,
    "count": 0,
    "lang": "en",
    "updated": 0
  },
  {
    "id": "b2a1c3d4-5e6f-472a-8b9c-0123456789a7",
    "data": [
      {
        "text": "Bonafide letter request",
        "userDefined": false
      }
    ],
    "isTemplate": false,
    "count": 0,
    "lang": "en",
    "updated": 0
  },
  {
    "id": "b2a1c3d4-5e6f-472a-8b9c-0123456789a8",
    "data": [
      {
        "text": "Processing time for certificates",
        "userDefined": false
      }
    ],
    "isTemplate": false,
    "count": 0,
    "lang": "en",
    "updated": 0
  },
  {
    "id": "b2a1c3d4-5e6f-472a-8b9c-0123456789a9",
    "data": [
      {
        "text": "Where to submit document forms",
        "userDefined": false
      }
    ],
    "isTemplate": false,
    "count": 0,
    "lang": "en",
    "updated": 0
  },
  {
    "id": "b2a1c3d4-5e6f-472a-8b9c-0123456789ab",
    "data": [
      {
        "text": "Admit card issue process",
        "userDefined": false
      }
    ],
    "isTemplate": false,
    "count": 0,
    "lang": "en",
    "updated": 0
  }
]