[
  {
    "id": "66666666-0001-4e11-8000-000000000001",
    "data": [
      {
        "text": "Emergency number",
        "userDefined": false
      }
    ],
    "isTemplate": false,
    "count": 0,
    "lang": "en",
    "updated": 0
  },
  {
    "id": "66666666-0002-4e11-8000-000000000002",
    "data": [
      {
        "text": "Medical room location",
        "userDefined": false
      }
    ],
    "isTemplate": false,
    "count": 0,
    "lang": "en",
    "updated": 0
  },
  {
    "id": "66666666-0003-4e11-8000-000000000003",
    "data": [
      {
        "text": "Security contact",
        "userDefined": false
      }
    ],
    "isTemplate": false,
    "count": 0,
    "lang": "en",
    "updated": 0
  },
  {
    "id": "66666666-0004-4e11-8000-000000000004",
    "data": [
      {
        "text": "I have an emergency",
        "userDefined": false
      }
    ],
    "isTemplate": false,
    "count": 0,
    "lang": "en",
    "updated": 0
  },
  {
    "id": "66666666-0005-4e11-8000-000000000005",
    "data": [
      {
        "text": "What\u0027s the security office number?",
        "userDefined": false
      }
    ],
    "isTemplate": false,
    "count": 0,
    "lang": "en",
    "updated": 0
  },
  {
    "id": "66666666-0006-4e11-8000-000000000006",
    "data": [
      {
        "text": "Where is the medical room?",
        "userDefined": false
      }
    ],
    "isTemplate": false,
    "count": 0,
    "lang": "en",
    "updated": 0
  },
  {
    "id": "66666666-0007-4e11-8000-000000000007",
    "data": [
      {
        "text": "I need medical help",
        "userDefined": false
      }
    ],
    "isTemplate": false,
    "count": 0,
    "lang": "en",
    "updated": 0
  },
  {
    "id": "66666666-0008-4e11-8000-000000000008",
    "data": [
      {
        "text": "24/7 helpdesk number",
        "userDefined": false
      }
    ],
    "isTemplate": false,
    "count": 0,
    "lang": "en",
    "updated": 0
  },
  {
    "id": "66666666-0009-4e11-8000-000000000009",
    "data": [
      {
        "text": "Contact for campus security",
        "userDefined": false
      }
    ],
    "isTemplate": false,
    "count": 0,
    "lang": "en",
    "updated": 0
  },
  {
    "id": "66666666-0010-4e11-8000-00000000000a",
    "data": [
      {
        "text": "I need help",
        "userDefined": false
      }
    ],
    "isTemplate": false,
    "count": 0,
    "lang": "en",
    "updated": 0
  },
  {
    "id": "66666666-0011-4e11-8000-00000000000b",
    "data": [
      {
        "text": "Fire emergency",
        "userDefined": false
      }
    ],
    "isTemplate": false,
    "count": 0,
    "lang": "en",
    "updated": 0
  },
  {
    "id": "66666666-0012-4e11-8000-00000000000c",
    "data": [
      {
        "text": "Help!",
        "userDefined": false
      }
    ],
    "isTemplate": false,
    "count": 0,
    "lang": "en",
    "updated": 0
  },
  {
    "id": "66666666-0013-4e11-8000-00000000000d",
    "data": [
      {
        "text": "Lost and found",
        "userDefined": false
      }
    ],
    "isTemplate": false,
    "count": 0,
    "lang": "en",
    "updated": 0
  }
]