[
  {
    "id": "f1f2f3f4-0001-4f11-8000-000000000001",
    "data": [
      {
        "text": "Upcoming events",
        "userDefined": false
      }
    ],
    "isTemplate": false,
    "count": 0,
    "lang": "en",
    "updated": 0
  },
  {
    "id": "f1f2f3f4-0002-4f11-8000-000000000002",
    "data": [
      {
        "text": "Seminar this week",
        "userDefined": false
      }
    ],
    "isTemplate": false,
    "count": 0,
    "lang": "en",
    "updated": 0
  },
  {
    "id": "f1f2f3f4-0003-4f11-8000-000000000003",
    "data": [
      {
        "text": "Fest dates",
        "userDefined": false
      }
    ],
    "isTemplate": false,
    "count": 0,
    "lang": "en",
    "updated": 0
  },
  {
    "id": "f1f2f3f4-0004-4f11-8000-000000000004",
    "data": [
      {
        "text": "Any workshops next month",
        "userDefined": false
      }
    ],
    "isTemplate": false,
    "count": 0,
    "lang": "en",
    "updated": 0
  },
  {
    "id": "f1f2f3f4-0005-4f11-8000-000000000005",
    "data": [
      {
        "text": "Sports meet schedule",
        "userDefined": false
      }
    ],
    "isTemplate": false,
    "count": 0,
    "lang": "en",
    "updated": 0
  },
  {
    "id": "f1f2f3f4-0006-4f11-8000-000000000006",
    "data": [
      {
        "text": "Tell me about upcoming seminars",
        "userDefined": false
      }
    ],
    "isTemplate": false,
    "count": 0,
    "lang": "en",
    "updated": 0
  },
  {
    "id": "f1f2f3f4-0007-4f11-8000-000000000007",
    "data": [
      {
        "text": "Orientation program dates",
        "userDefined": false
      }
    ],
    "isTemplate": false,
    "count": 0,
    "lang": "en",
    "updated": 0
  },
  {
    "id": "f1f2f3f4-0008-4f11-8000-000000000008",
    "data": [
      {
        "text": "Hackathon schedule",
        "userDefined": false
      }
    ],
    "isTemplate": false,
    "count": 0,
    "lang": "en",
    "updated": 0
  },
  {
    "id": "f1f2f3f4-0009-4f11-8000-000000000009",
    "data": [
      {
        "text": "Noticeboard updates",
        "userDefined": false
      }
    ],
    "isTemplate": false,
    "count": 0,
    "lang": "en",
    "updated": 0
  },
  {
    "id": "f1f2f3f4-0010-4f11-8000-00000000000a",
    "data": [
      {
        "text": "Events calendar link",
        "userDefined": false
      }
    ],
    "isTemplate": false,
    "count": 0,
    "lang": "en",
    "updated": 0
  }
]