[
  {
    "id": "fdb20001-0001-4a11-8000-000000000021",
    "data": [
      {
        "text": "No, not really",
        "userDefined": false
      }
    ],
    "isTemplate": false,
    "count": 0,
    "lang": "en",
    "updated": 0
  },
  {
    "id": "fdb20001-0002-4a11-8000-000000000022",
    "data": [
      {
        "text": "No",
        "userDefined": false
      }
    ],
    "isTemplate": false,
    "count": 0,
    "lang": "en",
    "updated": 0
  },
  {
    "id": "fdb20001-0003-4a11-8000-000000000023",
    "data": [
      {
        "text": "That wasn\u0027t helpful",
        "userDefined": false
      }
    ],
    "isTemplate": false,
    "count": 0,
    "lang": "en",
    "updated": 0
  },
  {
    "id": "fdb20001-0004-4a11-8000-000000000024",
    "data": [
      {
        "text": "Wrong answer",
        "userDefined": false
      }
    ],
    "isTemplate": false,
    "count": 0,
    "lang": "en",
    "updated": 0
  },
  {
    "id": "fdb20001-0005-4a11-8000-000000000025",
    "data": [
      {
        "text": "Not helpful",
        "userDefined": false
      }
    ],
    "isTemplate": false,
    "count": 0,
    "lang": "en",
    "updated": 0
  }
]