[
  {
    "id": "fdb10001-0001-4a11-8000-000000000011",
    "data": [
      {
        "text": "Yes, thanks!",
        "userDefined": false
      }
    ],
    "isTemplate": false,
    "count": 0,
    "lang": "en",
    "updated": 0
  },
  {
    "id": "fdb10001-0002-4a11-8000-000000000012",
    "data": [
      {
        "text": "Yes",
        "userDefined": false
      }
    ],
    "isTemplate": false,
    "count": 0,
    "lang": "en",
    "updated": 0
  },
  {
    "id": "fdb10001-0003-4a11-8000-000000000013",
    "data": [
      {
        "text": "That was helpful",
        "userDefined": false
      }
    ],
    "isTemplate": false,
    "count": 0,
    "lang": "en",
    "updated": 0
  },
  {
    "id": "fdb10001-0004-4a11-8000-000000000014",
    "data": [
      {
        "text": "Perfect",
        "userDefined": false
      }
    ],
    "isTemplate": false,
    "count": 0,
    "lang": "en",
    "updated": 0
  },
  {
    "id": "fdb10001-0005-4a11-8000-000000000015",
    "data": [
      {
        "text": "Thank you",
        "userDefined": false
      }
    ],
    "isTemplate": false,
    "count": 0,
    "lang": "en",
    "updated": 0
  }
]