[
  {
    "id": "b1b2b3b4-0001-4b11-8000-000000000001",
    "data": [
      {
        "text": "What is the fee for BBA?",
        "userDefined": false
      }
    ],
    "isTemplate": false,
    "count": 0,
    "lang": "en",
    "updated": 0
  },
  {
    "id": "b1b2b3b4-0002-4b11-8000-000000000002",
    "data": [
      {
        "text": "How can I pay fees online?",
        "userDefined": false
      }
    ],
    "isTemplate": false,
    "count": 0,
    "lang": "en",
    "updated": 0
  },
  {
    "id": "b1b2b3b4-0003-4b11-8000-000000000003",
    "data": [
      {
        "text": "UPI payment for MBA fees",
        "userDefined": false
      }
    ],
    "isTemplate": false,
    "count": 0,
    "lang": "en",
    "updated": 0
  },
  {
    "id": "b1b2b3b4-0004-4b11-8000-000000000004",
    "data": [
      {
        "text": "Fee structure for B.Tech CSE",
        "userDefined": false
      }
    ],
    "isTemplate": false,
    "count": 0,
    "lang": "en",
    "updated": 0
  },
  {
    "id": "b1b2b3b4-0005-4b11-8000-000000000005",
    "data": [
      {
        "text": "Pay fees via net banking",
        "userDefined": false
      }
    ],
    "isTemplate": false,
    "count": 0,
    "lang": "en",
    "updated": 0
  },
  {
    "id": "b1b2b3b4-0006-4b11-8000-000000000006",
    "data": [
      {
        "text": "Payment modes accepted",
        "userDefined": false
      }
    ],
    "isTemplate": false,
    "count": 0,
    "lang": "en",
    "updated": 0
  },
  {
    "id": "b1b2b3b4-0007-4b11-8000-000000000007",
    "data": [
      {
        "text": "How do I get my fee receipt?",
        "userDefined": false
      }
    ],
    "isTemplate": false,
    "count": 0,
    "lang": "en",
    "updated": 0
  },
  {
    "id": "b1b2b3b4-0008-4b11-8000-000000000008",
    "data": [
      {
        "text": "Fee for BCA second year",
        "userDefined": false
      }
    ],
    "isTemplate": false,
    "count": 0,
    "lang": "en",
    "updated": 0
  },
  {
    "id": "b1b2b3b4-0009-4b11-8000-000000000009",
    "data": [
      {
        "text": "Can I pay campus fees by card?",
        "userDefined": false
      }
    ],
    "isTemplate": false,
    "count": 0,
    "lang": "en",
    "updated": 0
  },
  {
    "id": "b1b2b3b4-0010-4b11-8000-00000000000a",
    "data": [
      {
        "text": "Where to submit fee receipt?",
        "userDefined": false
      }
    ],
    "isTemplate": false,
    "count": 0,
    "lang": "en",
    "updated": 0
  }
]