[
  {
    "id": "e5a6b7c8-2100-4a11-8000-000000000201",
    "data": [
      {
        "text": "Hostel room allocation process",
        "userDefined": false
      }
    ],
    "isTemplate": false,
    "count": 0,
    "lang": "en",
    "updated": 0
  },
  {
    "id": "e5a6b7c8-2100-4a11-8000-000000000202",
    "data": [
      {
        "text": "Mess timings",
        "userDefined": false
      }
    ],
    "isTemplate": false,
    "count": 0,
    "lang": "en",
    "updated": 0
  },
  {
    "id": "e5a6b7c8-2100-4a11-8000-000000000203",
    "data": [
      {
        "text": "Visitor rules",
        "userDefined": false
      }
    ],
    "isTemplate": false,
    "count": 0,
    "lang": "en",
    "updated": 0
  },
  {
    "id": "e5a6b7c8-2100-4a11-8000-000000000204",
    "data": [
      {
        "text": "Curfew time",
        "userDefined": false
      }
    ],
    "isTemplate": false,
    "count": 0,
    "lang": "en",
    "updated": 0
  },
  {
    "id": "e5a6b7c8-2100-4a11-8000-000000000205",
    "data": [
      {
        "text": "What\u0027s the hostel in-time?",
        "userDefined": false
      }
    ],
    "isTemplate": false,
    "count": 0,
    "lang": "en",
    "updated": 0
  },
  {
    "id": "e5a6b7c8-2100-4a11-8000-000000000206",
    "data": [
      {
        "text": "Can my parents visit me in the hostel?",
        "userDefined": false
      }
    ],
    "isTemplate": false,
    "count": 0,
    "lang": "en",
    "updated": 0
  },
  {
    "id": "e5a6b7c8-2100-4a11-8000-000000000207",
    "data": [
      {
        "text": "What are the hostel mess timings?",
        "userDefined": false
      }
    ],
    "isTemplate": false,
    "count": 0,
    "lang": "en",
    "updated": 0
  },
  {
    "id": "e5a6b7c8-2100-4a11-8000-000000000208",
    "data": [
      {
        "text": "I have a question about the hostel",
        "userDefined": false
      }
    ],
    "isTemplate": false,
    "count": 0,
    "lang": "en",
    "updated": 0
  },
  {
    "id": "e5a6b7c8-2100-4a11-8000-000000000209",
    "data": [
      {
        "text": "How do I apply for a hostel room?",
        "userDefined": false
      }
    ],
    "isTemplate": false,
    "count": 0,
    "lang": "en",
    "updated": 0
  },
  {
    "id": "e5a6b7c8-2100-4a11-8000-00000000020a",
    "data": [
      {
        "text": "What are the visitor pass rules?",
        "userDefined": false
      }
    ],
    "isTemplate": false,
    "count": 0,
    "lang": "en",
    "updated": 0
  },
  {
    "id": "e5a6b7c8-2100-4a11-8000-00000000020b",
    "data": [
      {
        "text": "Tell me about the hostel",
        "userDefined": false
      }
    ],
    "isTemplate": false,
    "count": 0,
    "lang": "en",
    "updated": 0
  },
  {
    "id": "e5a6b7c8-2100-4a11-8000-00000000020c",
    "data": [
      {
        "text": "Hostel rules",
        "userDefined": false
      }
    ],
    "isTemplate": false,
    "count": 0,
    "lang": "en",
    "updated": 0
  },
  {
    "id": "e5a6b7c8-2100-4a11-8000-00000000020d",
    "data": [
      {
        "text": "What\u0027s for dinner in the mess?",
        "userDefined": false
      }
    ],
    "isTemplate": false,
    "count": 0,
    "lang": "en",
    "updated": 0
  }
]