[
  {
    "id": "c3f2e1d4-6b7a-482b-9c0d-112233445561",
    "data": [
      {
        "text": "Wi-Fi not working",
        "userDefined": false
      }
    ],
    "isTemplate": false,
    "count": 0,
    "lang": "en",
    "updated": 0
  },
  {
    "id": "c3f2e1d4-6b7a-482b-9c0d-112233445562",
    "data": [
      {
        "text": "Email password reset",
        "userDefined": false
      }
    ],
    "isTemplate": false,
    "count": 0,
    "lang": "en",
    "updated": 0
  },
  {
    "id": "c3f2e1d4-6b7a-482b-9c0d-112233445563",
    "data": [
      {
        "text": "VPN access",
        "userDefined": false
      }
    ],
    "isTemplate": false,
    "count": 0,
    "lang": "en",
    "updated": 0
  },
  {
    "id": "c3f2e1d4-6b7a-482b-9c0d-112233445564",
    "data": [
      {
        "text": "How to connect to campus Wi-Fi",
        "userDefined": false
      }
    ],
    "isTemplate": false,
    "count": 0,
    "lang": "en",
    "updated": 0
  },
  {
    "id": "c3f2e1d4-6b7a-482b-9c0d-112233445565",
    "data": [
      {
        "text": "IT helpdesk contact",
        "userDefined": false
      }
    ],
    "isTemplate": false,
    "count": 0,
    "lang": "en",
    "updated": 0
  },
  {
    "id": "c3f2e1d4-6b7a-482b-9c0d-112233445566",
    "data": [
      {
        "text": "Email configuration on phone",
        "userDefined": false
      }
    ],
    "isTemplate": false,
    "count": 0,
    "lang": "en",
    "updated": 0
  },
  {
    "id": "c3f2e1d4-6b7a-482b-9c0d-112233445567",
    "data": [
      {
        "text": "Reset student portal password",
        "userDefined": false
      }
    ],
    "isTemplate": false,
    "count": 0,
    "lang": "en",
    "updated": 0
  },
  {
    "id": "c3f2e1d4-6b7a-482b-9c0d-112233445568",
    "data": [
      {
        "text": "Report a system outage",
        "userDefined": false
      }
    ],
    "isTemplate": false,
    "count": 0,
    "lang": "en",
    "updated": 0
  },
  {
    "id": "c3f2e1d4-6b7a-482b-9c0d-112233445569",
    "data": [
      {
        "text": "How to access library wifi",
        "userDefined": false
      }
    ],
    "isTemplate": false,
    "count": 0,
    "lang": "en",
    "updated": 0
  },
  {
    "id": "c3f2e1d4-6b7a-482b-9c0d-112233445570",
    "data": [
      {
        "text": "Email not syncing",
        "userDefined": false
      }
    ],
    "isTemplate": false,
    "count": 0,
    "lang": "en",
    "updated": 0
  }
]