[
  {
    "id": "a7b8c9d0-4455-4a11-8000-000000000401",
    "data": [
      {
        "text": "Library timings",
        "userDefined": false
      }
    ],
    "isTemplate": false,
    "count": 0,
    "lang": "en",
    "updated": 0
  },
  {
    "id": "a7b8c9d0-4455-4a11-8000-000000000402",
    "data": [
      {
        "text": "Renewal process",
        "userDefined": false
      }
    ],
    "isTemplate": false,
    "count": 0,
    "lang": "en",
    "updated": 0
  },
  {
    "id": "a7b8c9d0-4455-4a11-8000-000000000403",
    "data": [
      {
        "text": "How to pay library fine",
        "userDefined": false
      }
    ],
    "isTemplate": false,
    "count": 0,
    "lang": "en",
    "updated": 0
  },
  {
    "id": "a7b8c9d0-4455-4a11-8000-000000000404",
    "data": [
      {
        "text": "Book availability check",
        "userDefined": false
      }
    ],
    "isTemplate": false,
    "count": 0,
    "lang": "en",
    "updated": 0
  },
  {
    "id": "a7b8c9d0-4455-4a11-8000-000000000405",
    "data": [
      {
        "text": "Library membership rules",
        "userDefined": false
      }
    ],
    "isTemplate": false,
    "count": 0,
    "lang": "en",
    "updated": 0
  },
  {
    "id": "a7b8c9d0-4455-4a11-8000-000000000406",
    "data": [
      {
        "text": "Due date for my borrowed book",
        "userDefined": false
      }
    ],
    "isTemplate": false,
    "count": 0,
    "lang": "en",
    "updated": 0
  },
  {
    "id": "a7b8c9d0-4455-4a11-8000-000000000407",
    "data": [
      {
        "text": "How to renew books online",
        "userDefined": false
      }
    ],
    "isTemplate": false,
    "count": 0,
    "lang": "en",
    "updated": 0
  },
  {
    "id": "a7b8c9d0-4455-4a11-8000-000000000408",
    "data": [
      {
        "text": "Penalty for late return",
        "userDefined": false
      }
    ],
    "isTemplate": false,
    "count": 0,
    "lang": "en",
    "updated": 0
  },
  {
    "id": "a7b8c9d0-4455-4a11-8000-000000000409",
    "data": [
      {
        "text": "Library contact email",
        "userDefined": false
      }
    ],
    "isTemplate": false,
    "count": 0,
    "lang": "en",
    "updated": 0
  },
  {
    "id": "a7b8c9d0-4455-4a11-8000-00000000040a",
    "data": [
      {
        "text": "Library opening hours on weekends",
        "userDefined": false
      }
    ],
    "isTemplate": false,
    "count": 0,
    "lang": "en",
    "updated": 0
  }
]