[
  {
    "id": "d4e5f6a7-1234-4b11-8000-000000000101",
    "data": [
      {
        "text": "Placement stats",
        "userDefined": false
      }
    ],
    "isTemplate": false,
    "count": 0,
    "lang": "en",
    "updated": 0
  },
  {
    "id": "d4e5f6a7-1234-4b11-8000-000000000102",
    "data": [
      {
        "text": "How to apply for internships",
        "userDefined": false
      }
    ],
    "isTemplate": false,
    "count": 0,
    "lang": "en",
    "updated": 0
  },
  {
    "id": "d4e5f6a7-1234-4b11-8000-000000000103",
    "data": [
      {
        "text": "Top recruiters list",
        "userDefined": false
      }
    ],
    "isTemplate": false,
    "count": 0,
    "lang": "en",
    "updated": 0
  },
  {
    "id": "d4e5f6a7-1234-4b11-8000-000000000104",
    "data": [
      {
        "text": "Placement cell contact",
        "userDefined": false
      }
    ],
    "isTemplate": false,
    "count": 0,
    "lang": "en",
    "updated": 0
  },
  {
    "id": "d4e5f6a7-1234-4b11-8000-000000000105",
    "data": [
      {
        "text": "Internship opportunities",
        "userDefined": false
      }
    ],
    "isTemplate": false,
    "count": 0,
    "lang": "en",
    "updated": 0
  },
  {
    "id": "d4e5f6a7-1234-4b11-8000-000000000106",
    "data": [
      {
        "text": "How to register for placements",
        "userDefined": false
      }
    ],
    "isTemplate": false,
    "count": 0,
    "lang": "en",
    "updated": 0
  },
  {
    "id": "d4e5f6a7-1234-4b11-8000-000000000107",
    "data": [
      {
        "text": "Placement schedule",
        "userDefined": false
      }
    ],
    "isTemplate": false,
    "count": 0,
    "lang": "en",
    "updated": 0
  },
  {
    "id": "d4e5f6a7-1234-4b11-8000-000000000108",
    "data": [
      {
        "text": "Resume submission details",
        "userDefined": false
      }
    ],
    "isTemplate": false,
    "count": 0,
    "lang": "en",
    "updated": 0
  },
  {
    "id": "d4e5f6a7-1234-4b11-8000-000000000109",
    "data": [
      {
        "text": "Pre-placement talks",
        "userDefined": false
      }
    ],
    "isTemplate": false,
    "count": 0,
    "lang": "en",
    "updated": 0
  },
  {
    "id": "d4e5f6a7-1234-4b11-8000-00000000010a",
    "data": [
      {
        "text": "Internship credits",
        "userDefined": false
      }
    ],
    "isTemplate": false,
    "count": 0,
    "lang": "en",
    "updated": 0
  }
]