[
  {
    "id": "db9b1f3a-0001-4f11-8000-000000000001",
    "data": [
      {
        "text": "Where is the gym?",
        "userDefined": false
      }
    ],
    "isTemplate": false,
    "count": 0,
    "lang": "en",
    "updated": 0
  },
  {
    "id": "db9b1f3a-0002-4f11-8000-000000000002",
    "data": [
      {
        "text": "How to book the football ground?",
        "userDefined": false
      }
    ],
    "isTemplate": false,
    "count": 0,
    "lang": "en",
    "updated": 0
  },
  {
    "id": "db9b1f3a-0003-4f11-8000-000000000003",
    "data": [
      {
        "text": "What sports facilities are there?",
        "userDefined": false
      }
    ],
    "isTemplate": false,
    "count": 0,
    "lang": "en",
    "updated": 0
  },
  {
    "id": "db9b1f3a-0004-4f11-8000-000000000004",
    "data": [
      {
        "text": "Is there a swimming pool?",
        "userDefined": false
      }
    ],
    "isTemplate": false,
    "count": 0,
    "lang": "en",
    "updated": 0
  },
  {
    "id": "db9b1f3a-0005-4f11-8000-000000000005",
    "data": [
      {
        "text": "Timings for the sports ground",
        "userDefined": false
      }
    ],
    "isTemplate": false,
    "count": 0,
    "lang": "en",
    "updated": 0
  },
  {
    "id": "db9b1f3a-0006-4f11-8000-000000000006",
    "data": [
      {
        "text": "Where is the basketball court?",
        "userDefined": false
      }
    ],
    "isTemplate": false,
    "count": 0,
    "lang": "en",
    "updated": 0
  },
  {
    "id": "db9b1f3a-0007-4f11-8000-000000000007",
    "data": [
      {
        "text": "Sports",
        "userDefined": false
      }
    ],
    "isTemplate": false,
    "count": 0,
    "lang": "en",
    "updated": 0
  },
  {
    "id": "db9b1f3a-0008-4f11-8000-000000000008",
    "data": [
      {
        "text": "How to issue sports equipment?",
        "userDefined": false
      }
    ],
    "isTemplate": false,
    "count": 0,
    "lang": "en",
    "updated": 0
  },
  {
    "id": "db9b1f3a-0009-4f11-8000-000000000009",
    "data": [
      {
        "text": "Gym timings",
        "userDefined": false
      }
    ],
    "isTemplate": false,
    "count": 0,
    "lang": "en",
    "updated": 0
  },
  {
    "id": "db9b1f3a-0010-4f11-8000-00000000000a",
    "data": [
      {
        "text": "Can I play badminton?",
        "userDefined": false
      }
    ],
    "isTemplate": false,
    "count": 0,
    "lang": "en",
    "updated": 0
  },
  {
    "id": "db9b1f3a-0011-4f11-8000-00000000000b",
    "data": [
      {
        "text": "Is the sports center open?",
        "userDefined": false
      }
    ],
    "isTemplate": false,
    "count": 0,
    "lang": "en",
    "updated": 0
  }
]