[
  {
    "id": "a1b2c3d4-0001-4a11-8000-000000000001",
    "data": [
      {
        "text": "Show B.Tech 2nd year timetable",
        "userDefined": false
      }
    ],
    "isTemplate": false,
    "count": 0,
    "lang": "en",
    "updated": 0
  },
  {
    "id": "a1b2c3d4-0002-4a11-8000-000000000002",
    "data": [
      {
        "text": "Timetable for BBA first year tomorrow",
        "userDefined": false
      }
    ],
    "isTemplate": false,
    "count": 0,
    "lang": "en",
    "updated": 0
  },
  {
    "id": "a1b2c3d4-0003-4a11-8000-000000000003",
    "data": [
      {
        "text": "Classes for BCA 3rd year today",
        "userDefined": false
      }
    ],
    "isTemplate": false,
    "count": 0,
    "lang": "en",
    "updated": 0
  },
  {
    "id": "a1b2c3d4-0004-4a11-8000-000000000004",
    "data": [
      {
        "text": "Show me the timetable for B.Tech 1st year",
        "userDefined": false
      }
    ],
    "isTemplate": false,
    "count": 0,
    "lang": "en",
    "updated": 0
  },
  {
    "id": "a1b2c3d4-0005-4a11-8000-000000000005",
    "data": [
      {
        "text": "What classes do I have tomorrow for BBA 2nd year",
        "userDefined": false
      }
    ],
    "isTemplate": false,
    "count": 0,
    "lang": "en",
    "updated": 0
  },
  {
    "id": "a1b2c3d4-0006-4a11-8000-000000000006",
    "data": [
      {
        "text": "BCA third year timetable",
        "userDefined": false
      }
    ],
    "isTemplate": false,
    "count": 0,
    "lang": "en",
    "updated": 0
  },
  {
    "id": "a1b2c3d4-0007-4a11-8000-000000000007",
    "data": [
      {
        "text": "Show me B.Tech CSE timetable for 2nd year on 2025-11-10",
        "userDefined": false
      }
    ],
    "isTemplate": false,
    "count": 0,
    "lang": "en",
    "updated": 0
  },
  {
    "id": "a1b2c3d4-0008-4a11-8000-000000000008",
    "data": [
      {
        "text": "I need the timetable for BBA 3rd year",
        "userDefined": false
      }
    ],
    "isTemplate": false,
    "count": 0,
    "lang": "en",
    "updated": 0
  },
  {
    "id": "a1b2c3d4-0009-4a11-8000-000000000009",
    "data": [
      {
        "text": "What is the schedule for BCA 1st year today?",
        "userDefined": false
      }
    ],
    "isTemplate": false,
    "count": 0,
    "lang": "en",
    "updated": 0
  },
  {
    "id": "a1b2c3d4-0010-4a11-8000-00000000000a",
    "data": [
      {
        "text": "Timetable for B.Tech Mechanical 4th year",
        "userDefined": false
      }
    ],
    "isTemplate": false,
    "count": 0,
    "lang": "en",
    "updated": 0
  }
]