[
  {
    "id": "f6a7b8c9-3344-4a11-8000-000000000301",
    "data": [
      {
        "text": "Morning bus from City Center",
        "userDefined": false
      }
    ],
    "isTemplate": false,
    "count": 0,
    "lang": "en",
    "updated": 0
  },
  {
    "id": "f6a7b8c9-3344-4a11-8000-000000000302",
    "data": [
      {
        "text": "Bus timings to campus",
        "userDefined": false
      }
    ],
    "isTemplate": false,
    "count": 0,
    "lang": "en",
    "updated": 0
  },
  {
    "id": "f6a7b8c9-3344-4a11-8000-000000000303",
    "data": [
      {
        "text": "Railway station shuttle",
        "userDefined": false
      }
    ],
    "isTemplate": false,
    "count": 0,
    "lang": "en",
    "updated": 0
  },
  {
    "id": "f6a7b8c9-3344-4a11-8000-000000000304",
    "data": [
      {
        "text": "What\u0027s the bus schedule?",
        "userDefined": false
      }
    ],
    "isTemplate": false,
    "count": 0,
    "lang": "en",
    "updated": 0
  },
  {
    "id": "f6a7b8c9-3344-4a11-8000-000000000305",
    "data": [
      {
        "text": "Is there a bus in the evening?",
        "userDefined": false
      }
    ],
    "isTemplate": false,
    "count": 0,
    "lang": "en",
    "updated": 0
  },
  {
    "id": "f6a7b8c9-3344-4a11-8000-000000000306",
    "data": [
      {
        "text": "Shuttle bus timings",
        "userDefined": false
      }
    ],
    "isTemplate": false,
    "count": 0,
    "lang": "en",
    "updated": 0
  },
  {
    "id": "f6a7b8c9-3344-4a11-8000-000000000307",
    "data": [
      {
        "text": "What is the bus route from the city?",
        "userDefined": false
      }
    ],
    "isTemplate": false,
    "count": 0,
    "lang": "en",
    "updated": 0
  },
  {
    "id": "f6a7b8c9-3344-4a11-8000-000000000308",
    "data": [
      {
        "text": "How to get to campus from the railway station?",
        "userDefined": false
      }
    ],
    "isTemplate": false,
    "count": 0,
    "lang": "en",
    "updated": 0
  },
  {
    "id": "f6a7b8c9-3344-4a11-8000-000000000309",
    "data": [
      {
        "text": "Campus bus schedule",
        "userDefined": false
      }
    ],
    "isTemplate": false,
    "count": 0,
    "lang": "en",
    "updated": 0
  },
  {
    "id": "f6a7b8c9-3344-4a11-8000-00000000030a",
    "data": [
      {
        "text": "College bus timings",
        "userDefined": false
      }
    ],
    "isTemplate": false,
    "count": 0,
    "lang": "en",
    "updated": 0
  },
  {
    "id": "f6a7b8c9-3344-4a11-8000-00000000030b",
    "data": [
      {
        "text": "Bus schedule for tomorrow morning",
        "userDefined": false
      }
    ],
    "isTemplate": false,
    "count": 0,
    "lang": "en",
    "updated": 0
  },
  {
    "id": "f6a7b8c9-3344-4a11-8000-00000000030c",
    "data": [
      {
        "text": "Afternoon bus schedule",
        "userDefined": false
      }
    ],
    "isTemplate": false,
    "count": 0,
    "lang": "en",
    "updated": 0
  },
  {
    "id": "f6a7b8c9-3344-4a11-8000-00000000030d",
    "data": [
      {
        "text": "Transport",
        "userDefined": false
      }
    ],
    "isTemplate": false,
    "count": 0,
    "lang": "en",
    "updated": 0
  }
]