[
  {
    "id": "21f4884a-2ee0-4b53-8685-f3069db153f0",
    "data": [
      {
        "text": "Start",
        "userDefined": false
      }
    ],
    "isTemplate": false,
    "count": 0,
    "lang": "en",
    "updated": 0
  },
  {
    "id": "df9fe19b-b141-45e7-9486-c7d40117f9a0",
    "data": [
      {
        "text": "What can you do?",
        "userDefined": false
      }
    ],
    "isTemplate": false,
    "count": 1,
    "lang": "en",
    "updated": 0
  },
  {
    "id": "bc602ed5-cbac-47f6-94d6-9aa5a5e4568a",
    "data": [
      {
        "text": "Can you help me?",
        "userDefined": false
      }
    ],
    "isTemplate": false,
    "count": 0,
    "lang": "en",
    "updated": 0
  },
  {
    "id": "e42e7915-418e-4576-b40e-0909ae7fa818",
    "data": [
      {
        "text": "Greetings",
        "userDefined": false
      }
    ],
    "isTemplate": false,
    "count": 0,
    "lang": "en",
    "updated": 0
  },
  {
    "id": "a22a7dde-f2d9-47c6-a225-9042db719d46",
    "data": [
      {
        "text": "Good ",
        "userDefined": false
      },
      {
        "text": "Afternoon",
        "meta": "@time_slot",
        "alias": "time_slot",
        "userDefined": false
      }
    ],
    "isTemplate": false,
    "count": 0,
    "lang": "en",
    "updated": 0
  },
  {
    "id": "6070daa1-70f6-41cf-98c3-a05b7f4df396",
    "data": [
      {
        "text": "Good ",
        "userDefined": false
      },
      {
        "text": "Evening",
        "meta": "@time_slot",
        "alias": "time_slot",
        "userDefined": false
      }
    ],
    "isTemplate": false,
    "count": 0,
    "lang": "en",
    "updated": 0
  },
  {
    "id": "44572b9b-ec8f-4c2b-9460-551f3e261caa",
    "data": [
      {
        "text": "Good ",
        "userDefined": false
      },
      {
        "text": "Morning",
        "meta": "@time_slot",
        "alias": "time_slot",
        "userDefined": false
      }
    ],
    "isTemplate": false,
    "count": 0,
    "lang": "en",
    "updated": 0
  },
  {
    "id": "b385d9b7-fa86-4bbc-8d9c-3c6c5a674e16",
    "data": [
      {
        "text": "Hey",
        "userDefined": false
      }
    ],
    "isTemplate": false,
    "count": 0,
    "lang": "en",
    "updated": 0
  },
  {
    "id": "78067f1f-cf47-4336-8e53-de8d70628789",
    "data": [
      {
        "text": "Hello",
        "userDefined": false
      }
    ],
    "isTemplate": false,
    "count": 0,
    "lang": "en",
    "updated": 0
  },
  {
    "id": "a57bc1a4-a8e0-49a6-b56c-4be1280cf647",
    "data": [
      {
        "text": "Hi",
        "userDefined": false
      }
    ],
    "isTemplate": false,
    "count": 0,
    "lang": "en",
    "updated": 0
  }
]